Load Point ID,X [mm],Y [mm],FEd [kN],Pile Size [mm],Pile Tip Level [m],Selected CPTs
15,9450.0,4700.0,79.0,290,-17.5,"61, 62, 63, 64"
16,9450.0,10350.0,157.0,290,-17.5,"61, 62, 63, 64"
17,9450.0,16000.0,388.0,290,-17.5,"60, 61, 64, 65"
18,9450.0,21650.0,304.0,290,-17.5,"60, 61, 64, 65"
19,9450.0,27300.0,232.0,290,-17.5,"60, 61, 64, 65"
20,9450.0,32950.0,261.0,290,-18.0,"59, 60, 65, 66"
21,9450.0,38600.0,169.0,290,-17.75,"59, 60, 65, 66"
29,10000.0,40100.0,409.0,290,-18.25,"59, 60, 65, 66"
34,10000.0,44100.0,430.0,290,-18.25,"59, 60, 65, 66"
36,10000.0,48100.0,375.0,290,-18.25,"58, 59, 66, 67"
38,10000.0,52100.0,359.0,290,-18.25,"58, 59, 66, 67"
43,10550.0,4700.0,76.0,290,-17.5,"61, 62, 63, 64"
44,10550.0,10350.0,153.0,290,-17.5,"61, 62, 63, 64"
45,10550.0,16000.0,378.0,290,-17.5,"60, 61, 64, 65"
46,10550.0,21650.0,296.0,290,-17.5,"60, 61, 64, 65"
47,10550.0,27300.0,226.0,290,-17.5,"60, 61, 64, 65"
48,10550.0,32950.0,254.0,290,-18.0,"59, 60, 65, 66"
49,10550.0,38600.0,165.0,290,-17.75,"59, 60, 65, 66"
50,10800.0,50500.0,286.0,290,-18.0,"58, 59, 66, 67"
65,10878.0,893.0,240.0,290,-17.5,"61, 62, 63, 64"
67,11428.0,1993.0,256.0,290,-17.5,"61, 62, 63, 64"
68,11500.0,56100.0,359.0,290,-18.25,"58, 59, 66, 67"
69,11700.0,49050.0,442.0,290,-18.25,"58, 59, 66, 67"
70,11700.0,51950.0,436.0,290,-18.25,"58, 59, 66, 67"
71,11978.0,893.0,240.0,290,-17.5,"61, 62, 63, 64"
72,12000.0,44100.0,239.0,290,-17.75,"59, 60, 65, 66"
75,12600.0,47600.0,443.0,290,-18.25,"58, 59, 66, 67"
76,12600.0,50500.0,436.0,290,-18.25,"58, 59, 66, 67"
77,12600.0,53400.0,454.0,290,-18.25,"58, 59, 66, 67"
78,13500.0,49050.0,435.0,290,-18.25,"58, 59, 66, 67"
79,13500.0,51950.0,434.0,290,-18.25,"58, 59, 66, 67"
80,14400.0,47600.0,441.0,290,-18.25,"58, 59, 66, 67"
81,14400.0,50500.0,429.0,290,-18.25,"58, 59, 66, 67"
82,14400.0,53400.0,437.0,290,-18.25,"58, 59, 66, 67"
83,15000.0,44100.0,280.0,290,-18.0,"59, 60, 65, 66"
86,15300.0,46150.0,309.0,290,-18.0,"58, 59, 66, 67"
87,15300.0,49050.0,426.0,290,-18.25,"58, 59, 66, 67"
89,15300.0,51950.0,426.0,290,-18.25,"58, 59, 66, 67"
90,15300.0,54850.0,332.0,290,-18.25,"58, 59, 66, 67"
91,16200.0,47600.0,443.0,290,-18.25,"58, 59, 66, 67"
92,16200.0,50500.0,430.0,290,-18.25,"58, 59, 66, 67"
93,16200.0,53400.0,439.0,290,-18.25,"58, 59, 66, 67"
94,16750.0,56100.0,284.0,290,-18.0,"58, 59, 66, 67"
95,17100.0,49050.0,434.0,290,-18.25,"58, 59, 66, 67"
96,17100.0,51950.0,434.0,290,-18.25,"58, 59, 66, 67"
98,18000.0,44100.0,183.0,290,-17.75,"59, 60, 65, 66"
99,18000.0,47600.0,448.0,290,-18.25,"58, 59, 66, 67"
100,18000.0,50500.0,433.0,290,-18.25,"58, 59, 66, 67"
101,18000.0,53400.0,451.0,290,-18.25,"58, 59, 66, 67"
103,18719.0,42100.0,177.0,290,-17.75,"59, 60, 65, 66"
104,18900.0,49050.0,433.0,290,-18.25,"58, 59, 66, 67"
105,18900.0,51950.0,432.0,290,-18.25,"58, 59, 66, 67"
108,19800.0,50500.0,301.0,290,-18.0,"58, 59, 66, 67"
109,19950.0,4660.0,523.0,290,-17.5,"61, 62, 63, 64"
110,19950.0,5760.0,504.0,290,-17.5,"61, 62, 63, 64"
113,50550.0,2500.0,330.0,290,-17.5,"48, 49, 51, 52"
114,20500.0,9400.0,260.0,290,-17.5,"61, 62, 63, 64"
115,24700.0,9400.0,374.0,290,-17.5,"51, 52, 61, 62"
118,20500.0,14650.0,865.0,290,-17.75,61
119,20500.0,19550.0,687.0,290,-17.5,"60, 61, 64, 65"
121,20500.0,20650.0,667.0,290,-17.5,"60, 61, 64, 65"
122,20500.0,25550.0,616.0,290,-17.5,"60, 61, 64, 65"
124,20500.0,26650.0,487.0,290,-17.5,"60, 61, 64, 65"
125,20500.0,31550.0,456.0,290,-18.25,"59, 60, 65, 66"
127,20500.0,32650.0,460.0,290,-18.25,"59, 60, 65, 66"
128,20500.0,37550.0,430.0,290,-18.25,"59, 60, 65, 66"
130,20500.0,38650.0,460.0,290,-18.25,"59, 60, 65, 66"
131,20500.0,40100.0,479.0,320,-18.25,"59, 60, 65, 66"
132,20500.0,44100.0,507.0,350,-18.25,59
133,20500.0,48100.0,545.0,350,-19.0,"58, 59, 66, 67"
134,20500.0,52850.0,459.0,290,-18.25,"58, 59, 66, 67"
135,20500.0,55550.0,377.0,290,-18.25,"58, 59, 66, 67"
137,20500.0,56650.0,393.0,290,-18.25,"58, 59, 66, 67"
141,20500.0,74100.0,361.0,290,-17.5,"57, 67"
142,21050.0,4660.0,533.0,290,-17.5,"51, 52, 61, 62"
143,21050.0,5760.0,514.0,290,-17.5,"51, 52, 61, 62"
150,24700.0,5210.0,307.0,290,-17.5,"51, 52, 61, 62"
152,95450.0,2500.0,425.0,290,-18.0,"24, 35, 78, 79"
153,20500.0,62600.0,315.0,290,-17.5,"57, 58, 67"
156,25772.0,893.0,227.0,290,-17.5,"51, 52, 61, 62"
157,26050.0,14100.0,708.0,290,-18.25,"51, 52, 61, 62"
159,26322.0,1993.0,244.0,290,-17.5,"51, 52, 61, 62"
160,20500.0,68600.0,444.0,290,-17.5,"57, 58, 67"
161,20500.0,61600.0,339.0,290,-17.5,"57, 58, 67"
163,26600.0,74100.0,597.0,290,-17.75,"56, 57"
164,26872.0,893.0,227.0,290,-17.5,"51, 52, 61, 62"
165,27150.0,14100.0,576.0,290,-18.25,"51, 52, 61, 62"
170,27776.0,9400.0,420.0,290,-17.5,"51, 52, 61, 62"
171,28326.0,5210.0,526.0,290,-17.5,"51, 52, 61, 62"
174,28876.0,9400.0,415.0,290,-17.5,"51, 52, 61, 62"
175,22700.0,9400.0,222.0,290,-17.5,"51, 52, 61, 62"
176,32050.0,14100.0,653.0,290,-18.0,"51, 52, 61, 62"
177,32050.0,74100.0,294.0,290,-17.5,"56, 57"
178,32600.0,0.0,169.0,290,-17.5,"49, 51, 62"
179,32600.0,5210.0,417.0,290,-17.5,"51, 52, 61, 62"
180,32600.0,9400.0,431.0,290,-17.5,"51, 52, 61, 62"
183,33150.0,14100.0,564.0,290,-18.0,"51, 52, 61, 62"
184,33150.0,74100.0,278.0,290,-17.5,"56, 57"
186,35950.0,0.0,512.0,290,-17.75,51
190,20500.0,35100.0,336.0,290,-18.25,"59, 60, 65, 66"
192,20500.0,29100.0,314.0,290,-17.5,"60, 61, 64, 65"
196,36500.0,12350.0,303.0,290,-17.5,"48, 49, 51, 52"
197,36500.0,14100.0,402.0,290,-17.5,"48, 49, 51, 52"
206,37050.0,0.0,512.0,290,-17.75,"48, 49, 51"
209,36500.0,5760.0,227.0,290,-17.5,"48, 49, 51, 52"
210,38050.0,13550.0,565.0,290,-18.25,"48, 49, 51, 52"
211,38050.0,14650.0,619.0,290,-18.25,"48, 49, 51, 52"
212,38050.0,74100.0,355.0,290,-17.75,"44, 56"
216,38600.0,12348.0,320.0,290,-17.5,"48, 49, 51, 52"
218,38600.0,25550.0,570.0,290,-17.5,"47, 48, 52, 53"
220,38600.0,26650.0,570.0,290,-17.5,"47, 48, 52, 53"
221,38600.0,37550.0,572.0,290,-17.75,"46, 47, 53, 54"
223,38600.0,38650.0,572.0,290,-17.75,"46, 47, 53, 54"
224,38600.0,49550.0,573.0,290,-17.75,"45, 46, 54, 55"
226,38600.0,50650.0,573.0,290,-17.75,"45, 46, 54, 55"
227,38600.0,61550.0,579.0,290,-19.0,"44, 45, 55, 56"
229,38600.0,62650.0,579.0,290,-19.0,"44, 45, 55, 56"
231,36500.0,9950.0,252.0,290,-17.5,"48, 49, 51, 52"
232,39150.0,13550.0,735.0,290,-18.25,"48, 49, 51, 52"
233,39150.0,14650.0,788.0,290,-18.25,"48, 49, 51, 52"
234,39150.0,74100.0,395.0,290,-17.75,"44, 56"
248,36500.0,4660.0,331.0,290,-17.5,"48, 49, 51, 52"
249,43450.0,0.0,631.0,290,-17.75,"48, 49, 51"
250,44600.0,74100.0,531.0,290,-19.0,"44, 56"
253,47695.0,0.0,590.0,400,-18.75,"48, 49, 50, 51"
256,20500.0,67600.0,372.0,290,-17.5,"57, 58, 67"
259,50050.0,74100.0,304.0,290,-17.5,44
260,50150.0,0.0,584.0,320,-19.0,49
264,51150.0,74100.0,271.0,290,-17.5,44
265,54200.0,2500.0,529.0,290,-17.75,"38, 39, 48, 49"
268,54050.0,0.0,759.0,290,-18.0,"37, 38, 48, 49"
280,55150.0,0.0,753.0,290,-18.0,"37, 38, 48, 49"
283,55500.0,13550.0,825.0,290,-18.0,"38, 39, 48, 49"
284,55500.0,14650.0,825.0,290,-18.0,"38, 39, 48, 49"
285,56050.0,74100.0,337.0,290,-17.5,"43, 44"
288,57950.0,2500.0,430.0,290,-17.5,"38, 39, 48, 49"
290,56600.0,25550.0,509.0,290,-17.5,"39, 40, 47, 48"
292,56600.0,26650.0,509.0,290,-17.5,"39, 40, 47, 48"
293,56600.0,37550.0,518.0,290,-18.5,"40, 41, 46, 47"
295,56600.0,38650.0,518.0,290,-18.5,"40, 41, 46, 47"
296,56600.0,49550.0,518.0,290,-18.5,"41, 42, 45, 46"
298,56600.0,50650.0,518.0,290,-18.5,"41, 42, 45, 46"
299,56600.0,61550.0,525.0,290,-18.75,"42, 43, 44, 45"
301,56600.0,62650.0,525.0,290,-18.75,"42, 43, 44, 45"
303,57700.0,13550.0,825.0,290,-18.0,"38, 39, 48, 49"
304,57700.0,14650.0,825.0,290,-18.0,"38, 39, 48, 49"
305,57150.0,74100.0,377.0,290,-17.5,"43, 44"
320,59050.0,0.0,733.0,290,-18.0,"37, 38, 48, 49"
322,60150.0,0.0,729.0,290,-18.0,"37, 38, 48, 49"
323,61700.0,2500.0,545.0,290,-17.75,"38, 39, 48, 49"
326,62675.0,74100.0,544.0,290,-19.0,"43, 44"
329,65450.0,2500.0,432.0,290,-17.75,"38, 39, 48, 49"
330,64050.0,0.0,725.0,290,-17.75,"35, 38, 48, 49"
332,65150.0,0.0,734.0,290,-17.75,38
335,69200.0,2500.0,540.0,290,-17.5,"34, 35, 38, 39"
338,68675.0,74100.0,565.0,290,-18.0,"30, 43"
339,69050.0,0.0,779.0,290,-18.75,"34, 35, 38, 49"
341,70150.0,0.0,762.0,290,-18.75,"34, 35, 37, 38"
344,20500.0,13550.0,722.0,290,-17.75,"61, 62, 63, 64"
345,72950.0,2500.0,389.0,290,-17.5,"34, 35, 38, 39"
364,74050.0,0.0,772.0,290,-18.0,"35, 37, 38, 79"
365,73500.0,4150.0,251.0,290,-17.5,"34, 35, 38, 39"
366,73500.0,5250.0,235.0,290,-17.5,"34, 35, 38, 39"
367,73500.0,13550.0,826.0,320,-18.5,"34, 35, 38, 39"
368,73500.0,14650.0,826.0,320,-18.5,"34, 35, 38, 39"
372,74600.0,25550.0,523.0,290,-17.5,"33, 34, 39, 40"
374,74600.0,26650.0,523.0,290,-17.5,"33, 34, 39, 40"
375,74600.0,37550.0,530.0,290,-18.5,"32, 33, 40, 41"
377,74600.0,38650.0,530.0,290,-18.5,"32, 33, 40, 41"
378,74600.0,49550.0,530.0,290,-18.5,"31, 32, 41, 42"
380,74600.0,50650.0,530.0,290,-18.5,"31, 32, 41, 42"
381,74600.0,61550.0,538.0,290,-18.0,"30, 31, 42, 43"
383,74600.0,62650.0,538.0,290,-18.0,"30, 31, 42, 43"
384,74600.0,74100.0,695.0,290,-18.25,"30, 43"
385,75150.0,0.0,771.0,290,-18.0,"35, 37, 38, 79"
386,75700.0,4150.0,251.0,290,-17.5,"34, 35, 38, 39"
387,75700.0,5250.0,235.0,290,-17.5,"34, 35, 38, 39"
388,75700.0,13550.0,826.0,320,-18.5,"34, 38, 39, 79"
389,75700.0,14650.0,826.0,320,-18.5,"34, 38, 39, 79"
390,76700.0,2500.0,511.0,290,-18.0,"35, 38, 39, 79"
411,80450.0,2500.0,430.0,290,-18.0,"35, 38, 39, 79"
412,79050.0,0.0,762.0,290,-18.0,"35, 37, 38, 79"
414,80150.0,0.0,780.0,290,-18.0,35
415,80600.0,74100.0,563.0,290,-18.0,30
418,84200.0,2500.0,545.0,290,-18.0,"24, 34, 35, 79"
421,84050.0,0.0,736.0,290,-18.5,"24, 34, 35, 79"
423,85150.0,0.0,724.0,290,-18.5,"24, 34, 35, 79"
426,87950.0,2500.0,423.0,290,-18.0,"24, 34, 35, 79"
427,86600.0,74100.0,560.0,290,-18.25,"29, 30"
430,89050.0,0.0,722.0,290,-18.5,"24, 35, 78, 79"
432,90150.0,0.0,733.0,290,-18.5,"24, 35, 78, 79"
433,91700.0,2500.0,545.0,290,-18.0,"24, 35, 78, 79"
448,91500.0,13550.0,825.0,290,-18.0,"25, 69, 78, 79"
449,91500.0,14650.0,825.0,290,-18.0,"25, 69, 78, 79"
451,92600.0,25550.0,519.0,290,-18.0,"25, 26, 33, 69"
453,92600.0,26650.0,519.0,290,-18.0,"25, 26, 33, 69"
454,92600.0,37550.0,526.0,290,-18.25,"26, 27, 32, 33"
456,92600.0,38650.0,526.0,290,-18.25,"26, 27, 32, 33"
457,92600.0,49550.0,526.0,290,-18.25,"27, 28, 31, 32"
459,92600.0,50650.0,526.0,290,-18.25,"27, 28, 31, 32"
460,92600.0,61550.0,534.0,290,-18.25,"28, 29, 30, 31"
462,92600.0,62650.0,534.0,290,-18.25,"28, 29, 30, 31"
463,92600.0,74100.0,705.0,290,-18.75,"29, 30"
466,93700.0,13550.0,825.0,290,-18.0,"25, 69, 78, 79"
467,93700.0,14650.0,825.0,290,-18.0,"25, 69, 78, 79"
470,42100.0,0.0,545.0,290,-17.75,"48, 49, 51"
471,94050.0,0.0,785.0,290,-18.5,"24, 35, 78, 79"
483,95150.0,0.0,763.0,290,-18.5,24
486,41000.0,0.0,527.0,290,-17.75,"48, 49, 51"
489,98600.0,74100.0,546.0,290,-18.25,"17, 29"
490,98975.0,0.0,492.0,320,-18.25,"22, 23, 24, 78"
492,36500.0,8850.0,215.0,290,-17.5,"48, 49, 51, 52"
494,98650.0,2500.0,321.0,290,-18.0,"22, 24, 77, 78"
496,101505.0,0.0,571.0,350,-18.25,"22, 23, 24, 78"
499,104050.0,74100.0,300.0,290,-19.0,"16, 17, 29"
501,105150.0,74100.0,281.0,290,-19.0,"16, 17, 29"
502,105200.0,0.0,615.0,290,-18.0,"22, 24, 78"
504,106300.0,0.0,571.0,290,-18.0,"22, 24, 78"
517,110050.0,0.0,612.0,290,-18.25,"10, 22, 24, 78"
518,109500.0,13550.0,773.0,290,-18.5,"21, 22, 77, 78"
519,109500.0,14650.0,773.0,290,-18.5,"21, 22, 77, 78"
520,110050.0,74100.0,348.0,290,-17.5,17
523,110600.0,25550.0,524.0,290,-18.0,"20, 26, 70, 77"
525,110600.0,26650.0,524.0,290,-18.0,"20, 26, 70, 77"
526,110600.0,37550.0,533.0,290,-17.5,"19, 20, 26, 27"
528,110600.0,38650.0,533.0,290,-17.5,"19, 20, 26, 27"
529,110600.0,49550.0,533.0,290,-17.5,"18, 19, 27, 28"
531,110600.0,50650.0,533.0,290,-17.5,"18, 19, 27, 28"
532,110600.0,61550.0,540.0,290,-18.25,"17, 18, 28, 29"
534,110600.0,62650.0,540.0,290,-18.25,"17, 18, 28, 29"
536,111150.0,0.0,675.0,290,-18.25,22
537,111700.0,13550.0,773.0,290,-18.5,"11, 21, 22, 71"
538,111700.0,14650.0,773.0,290,-18.5,21
539,111150.0,74100.0,353.0,290,-17.5,17
553,116050.0,0.0,799.0,290,-18.5,"10, 11, 22, 24"
556,117150.0,0.0,780.0,290,-18.5,"10, 11, 22, 24"
565,122050.0,0.0,514.0,290,-18.25,"10, 11, 22"
566,122050.0,13550.0,570.0,,,"12, 22, 71, 75"
567,122050.0,14650.0,722.0,,,"12, 22, 71, 76"
568,122050.0,74100.0,278.0,290,-18.75,"15, 16, 17"
572,74600.0,4150.0,257.0,290,-17.5,"34, 35, 38, 39"
577,123150.0,0.0,476.0,290,-18.25,"10, 11, 22"
578,123150.0,13550.0,477.0,,,"12, 22, 71, 75"
579,123150.0,14650.0,630.0,,,"12, 22, 71, 76"
580,123150.0,74100.0,287.0,290,-18.75,"15, 16, 17"
584,56600.0,13550.0,847.0,290,-18.0,"38, 39, 48, 49"
585,124600.0,0.0,544.0,290,-18.25,"10, 11, 22"
586,74600.0,5250.0,241.0,290,-17.5,"34, 35, 38, 39"
589,126240.0,4700.0,403.0,290,-20.0,"6, 11, 12, 75"
590,125600.0,9400.0,373.0,,,"12, 22, 71, 75"
599,56600.0,14650.0,847.0,290,-18.0,"38, 39, 48, 49"
600,128050.0,0.0,508.0,,,"7, 10, 11, 75"
601,128050.0,74100.0,346.0,320,-19.0,"1, 15, 16"
604,128600.0,25000.0,327.0,,,"3, 13, 71, 73"
605,128600.0,26100.0,387.0,,,"3, 13, 71, 73"
606,128600.0,27200.0,328.0,,,"3, 13, 71, 73"
607,128600.0,37550.0,518.0,,,"3, 13, 14, 73"
609,128600.0,38650.0,518.0,,,"3, 13, 14, 73"
610,128600.0,49550.0,518.0,290,-17.5,"2, 3, 14, 15"
612,128600.0,50650.0,518.0,290,-17.5,"2, 3, 14, 15"
613,128600.0,61550.0,523.0,400,-19.0,"1, 2, 15, 16"
615,128600.0,62650.0,523.0,400,-19.0,"1, 2, 15, 16"
617,128720.0,9400.0,401.0,290,-20.0,"11, 12, 75, 76"
618,129150.0,0.0,468.0,,,"7, 10, 11, 75"
619,129150.0,74100.0,332.0,320,-19.0,"1, 15, 16"
621,74600.0,13550.0,848.0,320,-18.5,"34, 35, 38, 39"
622,129820.0,9400.0,352.0,290,-20.0,"11, 12, 75, 76"
623,129880.0,4700.0,384.0,290,-20.0,"6, 11, 12, 75"
632,132050.0,0.0,463.0,,,"7, 10, 11, 75"
634,133150.0,0.0,485.0,,,"6, 7, 10, 75"
635,74600.0,14650.0,848.0,320,-18.5,"34, 38, 39, 79"
636,133520.0,4700.0,382.0,290,-20.0,"6, 11, 74, 75"
637,133530.0,9400.0,355.0,290,-20.0,"5, 74, 75, 76"
641,134630.0,9400.0,392.0,290,-20.0,"5, 74, 75, 76"
642,92600.0,13550.0,846.0,290,-18.0,"25, 69, 78, 79"
643,136050.0,0.0,607.0,,,"6, 7, 10, 75"
645,137150.0,0.0,648.0,,,"6, 7, 10, 75"
646,137160.0,4700.0,407.0,290,-20.0,"6, 11, 74, 75"
647,137600.0,9400.0,374.0,290,-20.0,"5, 74, 75, 76"
651,140800.0,0.0,532.0,290,-17.5,6
652,140800.0,4700.0,260.0,290,-20.0,"5, 6, 11, 74"
653,140800.0,9400.0,207.0,290,-20.0,"5, 6, 74, 76"
654,122600.0,5250.0,252.0,,,"11, 12, 21, 22"
655,140800.0,13550.0,458.0,290,-20.5,"5, 6, 74, 76"
657,140800.0,14650.0,571.0,290,-20.5,5
659,140800.0,19550.0,347.0,290,-20.0,"5, 73, 76"
661,140800.0,20650.0,298.0,290,-20.0,"5, 73, 76"
662,140800.0,25550.0,291.0,,,"5, 13, 73"
664,140800.0,26650.0,329.0,,,"5, 13, 73"
665,140800.0,32100.0,539.0,,,"3, 5, 73"
666,140800.0,37550.0,324.0,,,"3, 5, 73"
668,140800.0,38650.0,281.0,,,"3, 5, 73"
669,140800.0,43550.0,278.0,,,"3, 73"
671,140800.0,44650.0,320.0,,,3
672,140800.0,50100.0,548.0,290,-17.5,"2, 3"
673,140800.0,55550.0,339.0,290,-17.5,"2, 3"
675,140800.0,56650.0,306.0,290,-17.5,"2, 3"
676,140800.0,61550.0,304.0,290,-17.5,"1, 2"
678,140800.0,62650.0,297.0,290,-17.5,"1, 2"
680,140800.0,74100.0,339.0,290,-17.5,1
681,92600.0,14650.0,846.0,290,-18.0,"25, 69, 78, 79"
682,110600.0,13550.0,789.0,290,-18.5,"21, 22, 77, 78"
683,129150.0,14100.0,570.0,290,-20.5,"5, 11, 12, 76"
684,135150.0,14100.0,661.0,290,-21.25,"5, 12, 74, 76"
685,110600.0,14650.0,789.0,290,-18.5,21
689,49050.0,0.0,438.0,320,-19.0,"48, 49, 50, 51"
690,100150.0,0.0,408.0,320,-18.25,"22, 23, 24, 78"
693,122600.0,9950.0,246.0,290,-18.0,"11, 12, 22, 71"
694,125600.0,14100.0,404.0,290,-17.5,12
695,122600.0,4150.0,301.0,,,"11, 21, 22, 75"
696,122600.0,8850.0,229.0,290,-18.0,"11, 12, 22, 71"
697,137600.0,14100.0,495.0,290,-20.25,"5, 12, 74, 76"
698,131600.0,14100.0,458.0,290,-20.0,"5, 11, 12, 76"
701,13500.0,46150.0,213.0,290,-17.75,"58, 59, 66, 67"
702,13500.0,54850.0,258.0,290,-18.0,"58, 59, 66, 67"
703,17100.0,46150.0,240.0,290,-17.75,"58, 59, 66, 67"
704,17100.0,54850.0,258.0,290,-18.0,"58, 59, 66, 67"
705,17750.0,40100.0,444.0,290,-18.25,"59, 60, 65, 66"
706,12750.0,40100.0,416.0,290,-18.25,"59, 60, 65, 66"
707,20500.0,44650.0,511.0,350,-18.25,59
710,117150.0,74100.0,280.0,290,-18.75,"15, 16, 17"
711,135150.0,74100.0,362.0,320,-19.0,"1, 15, 16"
712,116050.0,74100.0,289.0,290,-18.75,"15, 16, 17"
713,134050.0,74100.0,282.0,320,-19.0,"1, 15, 16"
714,140800.0,67550.0,291.0,290,-17.5,"1, 2"
715,128050.0,14100.0,564.0,290,-20.5,"5, 11, 12, 76"
716,140800.0,68650.0,363.0,290,-17.5,"1, 2"
717,134050.0,14100.0,656.0,290,-21.25,76
